{
  "stats": {
    "suites": 1,
    "tests": 5,
    "passes": 5,
    "pending": 0,
    "failures": 0,
    "start": "2021-09-14T03:07:02.215Z",
    "end": "2021-09-14T03:07:07.289Z",
    "duration": 5000,
    "testsRegistered": 5,
    "passPercent": 100,
    "pendingPercent": 0,
    "other": 0,
    "hasOther": false,
    "skipped": 0,
    "hasSkipped": false
  },
  "results": [
    {
      "uuid": "7a5eadeb-30b6-4bbf-bcf7-53f12176f179",
      "title": "",
      "fullFile": "cypress/integration/test.js",
      "file": "cypress/integration/test.js",
      "beforeHooks": [],
      "afterHooks": [],
      "tests": [],
      "suites": [
        {
          "uuid": "a11e7339-9634-49ba-961f-b1fc4b7e310d",
          "title": "Get Products",
          "fullFile": "",
          "file": "",
          "beforeHooks": [],
          "afterHooks": [],
          "tests": [],
          "suites": [
            {
              "uuid": "f7993869-b46d-4aee-9844-f79e9bde6913",
              "title": "GET /produtos",
              "fullFile": "",
              "file": "",
              "beforeHooks": [],
              "afterHooks": [],
              "tests": [
                {
                  "title": "Getting the details of the products",
                  "fullTitle": "Get Products GET /produtos Getting the details of the products",
                  "timedOut": null,
                  "duration": 2378,
                  "state": "passed",
                  "speed": "slow",
                  "pass": true,
                  "fail": false,
                  "pending": false,
                  "context": null,
                  "code": "cy.request({\n  method: 'GET',\n  url: '/produtos'\n}).should(response => {\n  // cy.log(JSON.stringify(response.body))\n  // assert response code\n  expect(response.status).to.eq(200); //assert response text from the list\n  //   expect(response.body.produtos[0].nome).to.eq('Lennie Dickinson')              \n});",
                  "err": {},
                  "uuid": "038053d9-6b08-4419-926b-e312c2c54e21",
                  "parentUUID": "f7993869-b46d-4aee-9844-f79e9bde6913",
                  "isHook": false,
                  "skipped": false
                }
              ],
              "suites": [],
              "passes": [
                "038053d9-6b08-4419-926b-e312c2c54e21"
              ],
              "failures": [],
              "pending": [],
              "skipped": [],
              "duration": 2378,
              "root": false,
              "rootEmpty": false,
              "_timeout": 2000
            }
          ],
          "passes": [],
          "failures": [],
          "pending": [],
          "skipped": [],
          "duration": 0,
          "root": false,
          "rootEmpty": false,
          "_timeout": 2000
        },
        {
          "uuid": "68e8bb76-7d5b-4cea-b73e-5c774a874244",
          "title": "Register users",
          "fullFile": "",
          "file": "",
          "beforeHooks": [],
          "afterHooks": [],
          "tests": [],
          "suites": [
            {
              "uuid": "156de4c4-cab7-47ff-956d-6a2250b80d78",
              "title": "Post /user",
              "fullFile": "",
              "file": "",
              "beforeHooks": [],
              "afterHooks": [],
              "tests": [
                {
                  "title": "Registering new users",
                  "fullTitle": "Register users Post /user Registering new users",
                  "timedOut": null,
                  "duration": 1302,
                  "state": "passed",
                  "speed": "slow",
                  "pass": true,
                  "fail": false,
                  "pending": false,
                  "context": null,
                  "code": "cy.fixture('testData').then(data => {\n  for (let i = 0; i < rowsLength; i++) {\n    cy.request({\n      method: 'POST',\n      url: '/usuarios',\n      failOnStatusCode: false,\n      body: {\n        nome: data.rows[i].name,\n        email: emailID,\n        password: password,\n        administrador: \"true\"\n      }\n    }).should(response => {\n      cy.log(JSON.stringify(response.body));\n      expect(response.status).to.eq(data.rows[i].responseCode);\n      expect(response.body.message).eq(data.rows[i].responseMessage); //id = (response.body._id)\n    });\n  }\n});\ncy.request({\n  method: 'POST',\n  url: '/usuarios',\n  body: {\n    nome: \"Whiskey Blues\",\n    email: \"test\" + emailID,\n    password: password,\n    administrador: \"true\"\n  }\n}).should(response => {\n  expect(response.status).to.eq(201);\n  id = response.body._id;\n});",
                  "err": {},
                  "uuid": "e90f4147-e22e-4e85-b4c9-c21ffcb39b97",
                  "parentUUID": "156de4c4-cab7-47ff-956d-6a2250b80d78",
                  "isHook": false,
                  "skipped": false
                }
              ],
              "suites": [],
              "passes": [
                "e90f4147-e22e-4e85-b4c9-c21ffcb39b97"
              ],
              "failures": [],
              "pending": [],
              "skipped": [],
              "duration": 1302,
              "root": false,
              "rootEmpty": false,
              "_timeout": 2000
            }
          ],
          "passes": [],
          "failures": [],
          "pending": [],
          "skipped": [],
          "duration": 0,
          "root": false,
          "rootEmpty": false,
          "_timeout": 2000
        },
        {
          "uuid": "ee7e8873-64eb-4f3d-b06a-ea2d3bd7205b",
          "title": "Login user",
          "fullFile": "",
          "file": "",
          "beforeHooks": [],
          "afterHooks": [],
          "tests": [],
          "suites": [
            {
              "uuid": "83463bce-fc08-4811-8a1d-448cede13151",
              "title": "User should be logged in successfully after registration",
              "fullFile": "",
              "file": "",
              "beforeHooks": [],
              "afterHooks": [],
              "tests": [
                {
                  "title": "Login user",
                  "fullTitle": "Login user User should be logged in successfully after registration Login user",
                  "timedOut": null,
                  "duration": 506,
                  "state": "passed",
                  "speed": "slow",
                  "pass": true,
                  "fail": false,
                  "pending": false,
                  "context": null,
                  "code": "cy.request({\n  method: 'POST',\n  url: '/login',\n  body: {\n    email: emailID,\n    password: password\n  }\n}).should(response => {\n  cy.log(JSON.stringify(response.body)); // assert response code\n  expect(response.status).to.eq(200); //assert response text from the list\n  expect(response.body.message).eq('Login realizado com sucesso');\n});",
                  "err": {},
                  "uuid": "ea11473b-db5a-4a4a-9fea-883bf6130e87",
                  "parentUUID": "83463bce-fc08-4811-8a1d-448cede13151",
                  "isHook": false,
                  "skipped": false
                }
              ],
              "suites": [],
              "passes": [
                "ea11473b-db5a-4a4a-9fea-883bf6130e87"
              ],
              "failures": [],
              "pending": [],
              "skipped": [],
              "duration": 506,
              "root": false,
              "rootEmpty": false,
              "_timeout": 2000
            }
          ],
          "passes": [],
          "failures": [],
          "pending": [],
          "skipped": [],
          "duration": 0,
          "root": false,
          "rootEmpty": false,
          "_timeout": 2000
        },
        {
          "uuid": "4e8b45c3-a81c-428c-a91d-2f46b04d9d15",
          "title": "Get user",
          "fullFile": "",
          "file": "",
          "beforeHooks": [],
          "afterHooks": [],
          "tests": [],
          "suites": [
            {
              "uuid": "0fb2f347-48ff-4823-80cf-76c72c6b2683",
              "title": "Getting user details",
              "fullFile": "",
              "file": "",
              "beforeHooks": [],
              "afterHooks": [],
              "tests": [
                {
                  "title": "Get user",
                  "fullTitle": "Get user Getting user details Get user",
                  "timedOut": null,
                  "duration": 406,
                  "state": "passed",
                  "speed": "slow",
                  "pass": true,
                  "fail": false,
                  "pending": false,
                  "context": null,
                  "code": "cy.request({\n  method: 'GET',\n  url: `usuarios/${id}`\n}).should(response => {\n  cy.log(JSON.stringify(response.body)); // assert response code\n  expect(response.status).to.eq(200);\n});",
                  "err": {},
                  "uuid": "9dfd5158-c00b-46c1-8418-d6af5805d782",
                  "parentUUID": "0fb2f347-48ff-4823-80cf-76c72c6b2683",
                  "isHook": false,
                  "skipped": false
                }
              ],
              "suites": [],
              "passes": [
                "9dfd5158-c00b-46c1-8418-d6af5805d782"
              ],
              "failures": [],
              "pending": [],
              "skipped": [],
              "duration": 406,
              "root": false,
              "rootEmpty": false,
              "_timeout": 2000
            }
          ],
          "passes": [],
          "failures": [],
          "pending": [],
          "skipped": [],
          "duration": 0,
          "root": false,
          "rootEmpty": false,
          "_timeout": 2000
        },
        {
          "uuid": "440dd5b8-98ff-40f9-b50f-17d09d5dd722",
          "title": "Delete user",
          "fullFile": "",
          "file": "",
          "beforeHooks": [],
          "afterHooks": [],
          "tests": [],
          "suites": [
            {
              "uuid": "20facae7-5200-491a-ab46-6fba076a6e55",
              "title": "User should be deleted successfully",
              "fullFile": "",
              "file": "",
              "beforeHooks": [],
              "afterHooks": [],
              "tests": [
                {
                  "title": "Delete user",
                  "fullTitle": "Delete user User should be deleted successfully Delete user",
                  "timedOut": null,
                  "duration": 408,
                  "state": "passed",
                  "speed": "slow",
                  "pass": true,
                  "fail": false,
                  "pending": false,
                  "context": null,
                  "code": "cy.request({\n  method: 'DELETE',\n  url: `/usuarios/${id}`\n}).should(response => {\n  cy.log(JSON.stringify(response.body)); // assert response code\n  expect(response.status).to.eq(200); //assert response text from the list\n  expect(response.body.message).eq('Registro excluído com sucesso');\n});",
                  "err": {},
                  "uuid": "aa575b75-7f33-4fe2-b10a-95a707d49c28",
                  "parentUUID": "20facae7-5200-491a-ab46-6fba076a6e55",
                  "isHook": false,
                  "skipped": false
                }
              ],
              "suites": [],
              "passes": [
                "aa575b75-7f33-4fe2-b10a-95a707d49c28"
              ],
              "failures": [],
              "pending": [],
              "skipped": [],
              "duration": 408,
              "root": false,
              "rootEmpty": false,
              "_timeout": 2000
            }
          ],
          "passes": [],
          "failures": [],
          "pending": [],
          "skipped": [],
          "duration": 0,
          "root": false,
          "rootEmpty": false,
          "_timeout": 2000
        }
      ],
      "passes": [],
      "failures": [],
      "pending": [],
      "skipped": [],
      "duration": 0,
      "root": true,
      "rootEmpty": true,
      "_timeout": 2000
    }
  ],
  "meta": {
    "mocha": {
      "version": "7.0.1"
    },
    "mochawesome": {
      "options": {
        "quiet": false,
        "reportFilename": "mochawesome",
        "saveHtml": false,
        "saveJson": true,
        "consoleReporter": "spec",
        "useInlineDiffs": false,
        "code": true
      },
      "version": "6.2.2"
    },
    "marge": {
      "options": {
        "overwrite": false,
        "html": false,
        "json": true
      },
      "version": "5.2.0"
    }
  }
}